{
  "resources": [
    "_dev/audio/result/thrust-sfx.ogg",
    "_dev/audio/result/thrust-sfx.m4a",
    "_dev/audio/result/thrust-sfx.mp3",
    "_dev/audio/result/thrust-sfx.ac3"
  ],
  "spritemap": {
    "activate1": {
      "start": 0,
      "end": 0.33140589569161,
      "loop": false
    },
    "boom1": {
      "start": 2,
      "end": 3.3457142857142856,
      "loop": false
    },
    "boom2": {
      "start": 5,
      "end": 5.842766439909297,
      "loop": false
    },
    "boom3": {
      "start": 7,
      "end": 7.5863038548752835,
      "loop": false
    },
    "collect1": {
      "start": 9,
      "end": 9.192222222222222,
      "loop": false
    },
    "connect1": {
      "start": 11,
      "end": 11.33798185941043,
      "loop": false
    },
    "connecting1": {
      "start": 13,
      "end": 13.715102040816326,
      "loop": false
    },
    "exit1": {
      "start": 15,
      "end": 15.936961451247166,
      "loop": false
    },
    "explode1": {
      "start": 17,
      "end": 18.01528344671202,
      "loop": false
    },
    "hover1": {
      "start": 20,
      "end": 20.25777777777778,
      "loop": false
    },
    "hover2": {
      "start": 22,
      "end": 22.25780045351474,
      "loop": false
    },
    "hover3": {
      "start": 24,
      "end": 24.257573696145126,
      "loop": false
    },
    "hurt1": {
      "start": 26,
      "end": 26.959115646258503,
      "loop": false
    },
    "hurt2": {
      "start": 28,
      "end": 28.123106575963718,
      "loop": false
    },
    "hurt3": {
      "start": 30,
      "end": 30.122086167800454,
      "loop": false
    },
    "matt-fuel-explode-1": {
      "start": 32,
      "end": 33.730770975056686,
      "loop": false
    },
    "matt-limpet-explode-1": {
      "start": 35,
      "end": 37.019229024943314,
      "loop": false
    },
    "matt-limpet-fire-1": {
      "start": 39,
      "end": 39.721156462585036,
      "loop": false
    },
    "matt-player-explode-1": {
      "start": 41,
      "end": 42.730770975056686,
      "loop": false
    },
    "matt-refuel-1": {
      "start": 44,
      "end": 50.82691609977324,
      "loop": false
    },
    "matt-thrust-1": {
      "start": 52,
      "end": 56.615374149659864,
      "loop": false
    },
    "planet-death1": {
      "start": 58,
      "end": 59.22090702947846,
      "loop": false
    },
    "planet-dying1": {
      "start": 61,
      "end": 66.48206349206349,
      "loop": true
    },
    "select1": {
      "start": 68,
      "end": 68.07891156462586,
      "loop": false
    },
    "select2": {
      "start": 70,
      "end": 70.18331065759637,
      "loop": false
    },
    "swipe1": {
      "start": 72,
      "end": 72.56952380952382,
      "loop": false
    },
    "teleport-in1": {
      "start": 74,
      "end": 76.91297052154195,
      "loop": false
    },
    "teleport-in2": {
      "start": 78,
      "end": 78.82319727891156,
      "loop": false
    },
    "teleport-in3": {
      "start": 80,
      "end": 82.80637188208617,
      "loop": false
    },
    "teleport-in4": {
      "start": 84,
      "end": 86.80621315192744,
      "loop": false
    },
    "thrust1": {
      "start": 88,
      "end": 88.40868480725624,
      "loop": true
    },
    "thrust2": {
      "start": 90,
      "end": 92.6915873015873,
      "loop": false
    },
    "thrust3": {
      "start": 94,
      "end": 94.241179138322,
      "loop": false
    },
    "thrust4": {
      "start": 96,
      "end": 96.14083900226757,
      "loop": false
    },
    "zap1": {
      "start": 98,
      "end": 98.39746031746031,
      "loop": false
    },
    "zap2": {
      "start": 100,
      "end": 100.07984126984127,
      "loop": false
    }
  }
}