{
    "level-1": [
        {
            "density": 2, "friction": 0, "bounce": 0, 
            "filter": { "categoryBits": 1, "maskBits": 65535 },
            "shape": [   139, 9  ,  227.97203063964844, 59.580421447753906  ,  0, 140  ,  0, 9  ]
        } ,
        {
            "density": 2, "friction": 0, "bounce": 0, 
            "filter": { "categoryBits": 1, "maskBits": 65535 },
            "shape": [   767, 140  ,  514.335693359375, 94.895103454589844  ,  587.76226806640625, 50.139862060546875  ,  659.79022216796875, 10.629364013671875  ,  767.13287353515625, 10.27972412109375  ]
        } ,
        {
            "density": 2, "friction": 0, "bounce": 0, 
            "filter": { "categoryBits": 1, "maskBits": 65535 },
            "shape": [   587.76226806640625, 50.139862060546875  ,  514.335693359375, 94.895103454589844  ,  514, 50  ]
        } ,
        {
            "density": 2, "friction": 0, "bounce": 0, 
            "filter": { "categoryBits": 1, "maskBits": 65535 },
            "shape": [   386.01397705078125, 95.944057464599609  ,  0, 140  ,  227.97203063964844, 59.580421447753906  ,  318.53146362304688, 59.580421447753906  ]
        } ,
        {
            "density": 2, "friction": 0, "bounce": 0, 
            "filter": { "categoryBits": 1, "maskBits": 65535 },
            "shape": [   386.01397705078125, 95.944057464599609  ,  514.335693359375, 94.895103454589844  ,  767, 140  ,  0, 140  ]
        }
    ]
}
