{ 
    
    "level-3": [
        
        {
            "density": 2, "friction": 0, "bounce": 0, 
            "filter": { "categoryBits": 1, "maskBits": 65535 },
            "shape": [   660, 105  ,  681.8631591796875, 94.56011962890625  ,  747.595458984375, 96.75115966796875  ,  863.302734375, 283.02752685546875  ,  660, 280  ]
        } ,
        {
            "density": 2, "friction": 0, "bounce": 0, 
            "filter": { "categoryBits": 1, "maskBits": 65535 },
            "shape": [   582.110107421875, 550.45870971679688  ,  466.0550537109375, 643.1192626953125  ,  466.0550537109375, 548.16513061523438  ]
        } ,
        {
            "density": 2, "friction": 0, "bounce": 0, 
            "filter": { "categoryBits": 1, "maskBits": 65535 },
            "shape": [   204, 549.33334350585938  ,  255.66667175292969, 478.66665649414062  ,  256, 548.66665649414062  ]
        } ,
        {
            "density": 2, "friction": 0, "bounce": 0, 
            "filter": { "categoryBits": 1, "maskBits": 65535 },
            "shape": [   303.66665649414062, 451  ,  472, 342  ,  471.5, 451.5  ]
        } ,
        {
            "density": 2, "friction": 0, "bounce": 0, 
            "filter": { "categoryBits": 1, "maskBits": 65535 },
            "shape": [   791.4169921875, 30.58062744140625  ,  959.633056640625, 31.19268798828125  ,  863.302734375, 283.02752685546875  ,  766.00054931640625, 85.3575439453125  ,  766.876953125, 47.23284912109375  ]
        } ,
        {
            "density": 2, "friction": 0, "bounce": 0, 
            "filter": { "categoryBits": 1, "maskBits": 65535 },
            "shape": [   131.66667175292969, 585  ,  2, 31  ,  255.66667175292969, 478.66665649414062  ,  204, 549.33334350585938  ]
        } ,
        {
            "density": 2, "friction": 0, "bounce": 0, 
            "filter": { "categoryBits": 1, "maskBits": 65535 },
            "shape": [   472, 342  ,  539, 45  ,  539, 315  ]
        } ,
        {
            "density": 2, "friction": 0, "bounce": 0, 
            "filter": { "categoryBits": 1, "maskBits": 65535 },
            "shape": [   303.66665649414062, 451  ,  255.66667175292969, 478.66665649414062  ,  2, 31  ,  517, 31  ,  539, 45  ,  472, 342  ]
        } ,
        {
            "density": 2, "friction": 0, "bounce": 0, 
            "filter": { "categoryBits": 1, "maskBits": 65535 },
            "shape": [   330.73394775390625, 644.49540710449219  ,  466.0550537109375, 643.1192626953125  ,  287, 849  ,  286, 668  ]
        } ,
        {
            "density": 2, "friction": 0, "bounce": 0, 
            "filter": { "categoryBits": 1, "maskBits": 65535 },
            "shape": [   650, 380.27520751953125  ,  799.541259765625, 379.8165283203125  ,  627.064208984375, 528.44036865234375  ,  624.7706298828125, 392.20184326171875  ]
        } ,
        {
            "density": 2, "friction": 0, "bounce": 0, 
            "filter": { "categoryBits": 1, "maskBits": 65535 },
            "shape": [   766.00054931640625, 85.3575439453125  ,  863.302734375, 283.02752685546875  ,  747.595458984375, 96.75115966796875  ]
        } ,
        {
            "density": 2, "friction": 0, "bounce": 0, 
            "filter": { "categoryBits": 1, "maskBits": 65535 },
            "shape": [   960, 899  ,  862.84405517578125, 341.74310302734375  ,  863.302734375, 283.02752685546875  ,  959.633056640625, 31.19268798828125  ]
        } ,
        {
            "density": 2, "friction": 0, "bounce": 0, 
            "filter": { "categoryBits": 1, "maskBits": 65535 },
            "shape": [   582.110107421875, 550.45870971679688  ,  627.064208984375, 528.44036865234375  ,  960, 899  ,  287, 849  ,  466.0550537109375, 643.1192626953125  ]
        } ,
        {
            "density": 2, "friction": 0, "bounce": 0, 
            "filter": { "categoryBits": 1, "maskBits": 65535 },
            "shape": [   131.66667175292969, 585  ,  133.33332824707031, 854.83871078491211  ,  0, 900  ,  2, 31  ]
        } ,
        {
            "density": 2, "friction": 0, "bounce": 0, 
            "filter": { "categoryBits": 1, "maskBits": 65535 },
            "shape": [   165, 871  ,  0, 900  ,  133.33332824707031, 854.83871078491211  ]
        } ,
        {
            "density": 2, "friction": 0, "bounce": 0, 
            "filter": { "categoryBits": 1, "maskBits": 65535 },
            "shape": [   960, 899  ,  0, 900  ,  165, 871  ]
        } ,
        {
            "density": 2, "friction": 0, "bounce": 0, 
            "filter": { "categoryBits": 1, "maskBits": 65535 },
            "shape": [   862.84405517578125, 341.74310302734375  ,  960, 899  ,  627.064208984375, 528.44036865234375  ,  799.541259765625, 379.8165283203125  ]
        } ,
        {
            "density": 2, "friction": 0, "bounce": 0, 
            "filter": { "categoryBits": 1, "maskBits": 65535 },
            "shape": [   287, 849  ,  960, 899  ,  244, 872  ]
        }
    ]
}
